{
    "loss": 2.3105990886688232,
    "accuracy": 0.8830409646034241
}